263R,266F,263R_266F
190R,189F,190R_189F
91R,88F,91R_88F
302R,293F,302R_293F
179R,175F,179R_175F
200R,203F,200R_203F
222R,218F,222R_218F
263R,256F,263R_256F
283R,278F,283R_278F
119R,118F,119R_118F
76R,77F,76R_77F
78R,77F,78R_77F
168R,167F,168R_167F
89R,90F,89R_90F
295R,298F,295R_298F
261R,265F,261R_265F
28R,29F,28R_29F
32R,33F,32R_33F
46R,47F,46R_47F
92R,93F,92R_93F
164R,165F,164R_165F
266R,261F,266R_261F
295R,297F,295R_297F
264R,261F,264R_261F
310R,308F,310R_308F
177R,178F,177R_178F
205R,199F,205R_199F
224R,221F,224R_221F
174R,178F,174R_178F
202R,199F,202R_199F
227R,221F,227R_221F
297R,299F,297R_299F
255R,264F,255R_264F
166R,167F,166R_167F
71R,78F,71R_78F
118R,121F,118R_121F
192R,193F,192R_193F
43R,42F,43R_42F
316R,315F,316R_315F
259R,265F,259R_265F
262R,258F,262R_258F
178R,175F,178R_175F
199R,203F,199R_203F
221R,218F,221R_218F
256R,258F,256R_258F
281R,278F,281R_278F
322R,323F,322R_323F
303R,302F,303R_302F
76R,74F,76R_74F
78R,74F,78R_74F
70R,76F,70R_76F
255R,261F,255R_261F
258R,259F,258R_259F
75R,70F,75R_70F
170R,167F,170R_167F
3R,2F,3R_2F
88R,89F,88R_89F
72R,78F,72R_78F
177R,179F,177R_179F
205R,200F,205R_200F
224R,222F,224R_222F
262R,263F,262R_263F
256R,263F,256R_263F
305R,296F,305R_296F
77R,71F,77R_71F
262R,260F,262R_260F
281R,284F,281R_284F
256R,260F,256R_260F
117R,119F,117R_119F
263R,264F,263R_264F
172R,171F,172R_171F
197R,196F,197R_196F
219R,217F,219R_217F
198R,196F,198R_196F
220R,217F,220R_217F
260R,265F,260R_265F
176R,175F,176R_175F
204R,203F,204R_203F
223R,218F,223R_218F
266R,255F,266R_255F
296R,303F,296R_303F
78R,75F,78R_75F
259R,255F,259R_255F
89R,92F,89R_92F
254R,263F,254R_263F
261R,262F,261R_262F
295R,304F,295R_304F
260R,262F,260R_262F
75R,79F,75R_79F
260R,254F,260R_254F
80R,79F,80R_79F
91R,90F,91R_90F
293R,296F,293R_296F
79R,70F,79R_70F
160R,157F,160R_157F
206R,198F,206R_198F
80R,70F,80R_70F
282R,280F,282R_280F
121R,119F,121R_119F
1R,2F,1R_2F
294R,298F,294R_298F
172R,179F,172R_179F
197R,200F,197R_200F
219R,222F,219R_222F
279R,283F,279R_283F
113R,114F,113R_114F
260R,266F,260R_266F
26R,28F,26R_28F
45R,46F,45R_46F
162R,164F,162R_164F
294R,304F,294R_304F
254R,258F,254R_258F
172R,174F,172R_174F
197R,202F,197R_202F
219R,227F,219R_227F
198R,202F,198R_202F
220R,227F,220R_227F
168R,170F,168R_170F
259R,257F,259R_257F
301R,293F,301R_293F
73R,77F,73R_77F
264R,255F,264R_255F
302R,303F,302R_303F
71R,72F,71R_72F
244R,241F,244R_241F
284R,281F,284R_281F
119R,120F,119R_120F
73R,75F,73R_75F
90R,89F,90R_89F
174R,180F,174R_180F
202R,201F,202R_201F
180R,177F,180R_177F
70R,74F,70R_74F
201R,205F,201R_205F
225R,224F,225R_224F
227R,225F,227R_225F
172R,176F,172R_176F
197R,204F,197R_204F
219R,223F,219R_223F
198R,204F,198R_204F
74R,79F,74R_79F
220R,223F,220R_223F
171R,176F,171R_176F
196R,204F,196R_204F
217R,223F,217R_223F
258R,266F,258R_266F
171R,175F,171R_175F
196R,203F,196R_203F
217R,218F,217R_218F
323R,322F,323R_322F
193R,191F,193R_191F
209R,208F,209R_208F
198R,200F,198R_200F
216R,215F,216R_215F
220R,222F,220R_222F
261R,257F,261R_257F
37R,38F,37R_38F
156R,155F,156R_155F
177R,173F,177R_173F
157R,155F,157R_155F
205R,206F,205R_206F
235R,237F,235R_237F
116R,114F,116R_114F
311R,310F,311R_310F
174R,177F,174R_177F
202R,205F,202R_205F
227R,224F,227R_224F
265R,262F,265R_262F
175R,178F,175R_178F
203R,199F,203R_199F
71R,80F,71R_80F
53R,54F,53R_54F
91R,92F,91R_92F
218R,221F,218R_221F
278R,281F,278R_281F
263R,258F,263R_258F
265R,258F,265R_258F
174R,172F,174R_172F
202R,197F,202R_197F
227R,219F,227R_219F
300R,296F,300R_296F
257R,265F,257R_265F
258R,262F,258R_262F
78R,76F,78R_76F
258R,254F,258R_254F
318R,319F,318R_319F
89R,88F,89R_88F
177R,172F,177R_172F
205R,197F,205R_197F
224R,219F,224R_219F
89R,91F,89R_91F
135R,136F,135R_136F
304R,297F,304R_297F
308R,309F,308R_309F
72R,80F,72R_80F
120R,121F,120R_121F
174R,173F,174R_173F
202R,206F,202R_206F
173R,175F,173R_175F
206R,203F,206R_203F
70R,79F,70R_79F
2R,3F,2R_3F
282R,278F,282R_278F
303R,300F,303R_300F
180R,172F,180R_172F
201R,197F,201R_197F
225R,219F,225R_219F
309R,311F,309R_311F
263R,260F,263R_260F
169R,170F,169R_170F
303R,305F,303R_305F
74R,70F,74R_70F
280R,283F,280R_283F
179R,178F,179R_178F
200R,199F,200R_199F
222R,221F,222R_221F
283R,281F,283R_281F
270R,269F,270R_269F
258R,264F,258R_264F
161R,165F,161R_165F
88R,93F,88R_93F
261R,259F,261R_259F
256R,261F,256R_261F
262R,261F,262R_261F
293R,305F,293R_305F
293R,301F,293R_301F
297R,295F,297R_295F
268R,270F,268R_270F
299R,295F,299R_295F
75R,78F,75R_78F
1R,3F,1R_3F
79R,78F,79R_78F
255R,262F,255R_262F
80R,78F,80R_78F
77R,79F,77R_79F
304R,295F,304R_295F
155R,156F,155R_156F
284R,279F,284R_279F
156R,157F,156R_157F
197R,198F,197R_198F
219R,220F,219R_220F
266R,265F,266R_265F
279R,280F,279R_280F
254R,261F,254R_261F
325R,324F,325R_324F
258R,256F,258R_256F
305R,301F,305R_301F
75R,73F,75R_73F
254R,256F,254R_256F
260R,263F,260R_263F
71R,73F,71R_73F
266R,262F,266R_262F
264R,262F,264R_262F
72R,71F,72R_71F
59R,58F,59R_58F
73R,71F,73R_71F
93R,88F,93R_88F
165R,161F,165R_161F
305R,293F,305R_293F
323R,321F,323R_321F
255R,265F,255R_265F
9R,10F,9R_10F
12R,13F,12R_13F
16R,17F,16R_17F
35R,36F,35R_36F
74R,76F,74R_76F
182R,183F,182R_183F
188R,190F,188R_190F
191R,193F,191R_193F
208R,209F,208R_209F
215R,216F,215R_216F
262R,255F,262R_255F
256R,255F,256R_255F
257R,255F,257R_255F
180R,171F,180R_171F
201R,196F,201R_196F
225R,217F,225R_217F
296R,302F,296R_302F
121R,118F,121R_118F
254R,264F,254R_264F
311R,308F,311R_308F
259R,266F,259R_266F
260R,258F,260R_258F
236R,237F,236R_237F
265R,257F,265R_257F
175R,180F,175R_180F
177R,174F,177R_174F
203R,201F,203R_201F
205R,202F,205R_202F
218R,225F,218R_225F
224R,227F,224R_227F
236R,235F,236R_235F
259R,262F,259R_262F
264R,265F,264R_265F
71R,77F,71R_77F
308R,311F,308R_311F
174R,171F,174R_171F
202R,196F,202R_196F
227R,217F,227R_217F
79R,73F,79R_73F
282R,284F,282R_284F
180R,179F,180R_179F
80R,73F,80R_73F
201R,200F,201R_200F
90R,93F,90R_93F
225R,222F,225R_222F
77R,70F,77R_70F
27R,29F,27R_29F
163R,165F,163R_165F
263R,261F,263R_261F
283R,284F,283R_284F
300R,305F,300R_305F
300R,301F,300R_301F
176R,178F,176R_178F
196R,198F,196R_198F
204R,199F,204R_199F
180R,178F,180R_178F
201R,199F,201R_199F
179R,177F,179R_177F
200R,205F,200R_205F
217R,220F,217R_220F
222R,224F,222R_224F
223R,221F,223R_221F
225R,221F,225R_221F
295R,299F,295R_299F
241R,244F,241R_244F
177R,176F,177R_176F
205R,204F,205R_204F
224R,223F,224R_223F
261R,266F,261R_266F
265R,259F,265R_259F
175R,177F,175R_177F
192R,191F,192R_191F
203R,205F,203R_205F
218R,224F,218R_224F
259R,254F,259R_254F
174R,179F,174R_179F
202R,200F,202R_200F
227R,222F,227R_222F
175R,172F,175R_172F
203R,197F,203R_197F
218R,219F,218R_219F
278R,279F,278R_279F
71R,74F,71R_74F
118R,120F,118R_120F
150R,151F,150R_151F
259R,256F,259R_256F
36R,35F,36R_35F
73R,76F,73R_76F
257R,259F,257R_259F
76R,70F,76R_70F
180R,176F,180R_176F
201R,204F,201R_204F
225R,223F,225R_223F
179R,180F,179R_180F
200R,201F,200R_201F
38R,37F,38R_37F
222R,225F,222R_225F
237R,235F,237R_235F
74R,78F,74R_78F
70R,78F,70R_78F
258R,263F,258R_263F
72R,73F,72R_73F
179R,173F,179R_173F
200R,206F,200R_206F
283R,282F,283R_282F
303R,296F,303R_296F
261R,254F,261R_254F
92R,88F,92R_88F
164R,161F,164R_161F
93R,90F,93R_90F
175R,173F,175R_173F
166R,170F,166R_170F
203R,206F,203R_206F
255R,257F,255R_257F
258R,260F,258R_260F
278R,282F,278R_282F
77R,76F,77R_76F
221R,225F,221R_225F
177R,175F,177R_175F
118R,117F,118R_117F
205R,203F,205R_203F
174R,176F,174R_176F
202R,204F,202R_204F
224R,218F,224R_218F
227R,223F,227R_223F
293R,303F,293R_303F
71R,75F,71R_75F
3R,4F,3R_4F
1R,4F,1R_4F
120R,118F,120R_118F
151R,150F,151R_150F
178R,180F,178R_180F
4R,3F,4R_3F
199R,201F,199R_201F
76R,79F,76R_79F
180R,174F,180R_174F
201R,202F,201R_202F
78R,79F,78R_79F
225R,227F,225R_227F
261R,256F,261R_256F
179R,172F,179R_172F
200R,197F,200R_197F
222R,219F,222R_219F
283R,279F,283R_279F
260R,256F,260R_256F
266R,257F,266R_257F
255R,256F,255R_256F
264R,257F,264R_257F
72R,77F,72R_77F
78R,70F,78R_70F
170R,168F,170R_168F
88R,90F,88R_90F
305R,303F,305R_303F
284R,283F,284R_283F
261R,264F,261R_264F
75R,72F,75R_72F
79R,72F,79R_72F
80R,72F,80R_72F
266R,259F,266R_259F
264R,259F,264R_259F
309R,308F,309R_308F
72R,75F,72R_75F
178R,177F,178R_177F
199R,205F,199R_205F
221R,224F,221R_224F
176R,177F,176R_177F
204R,205F,204R_205F
223R,224F,223R_224F
88R,92F,88R_92F
161R,164F,161R_164F
294R,299F,294R_299F
117R,121F,117R_121F
2R,4F,2R_4F
133R,134F,133R_134F
143R,144F,143R_144F
172R,175F,172R_175F
197R,203F,197R_203F
219R,218F,219R_218F
178R,172F,178R_172F
54R,53F,54R_53F
199R,197F,199R_197F
168R,166F,168R_166F
221R,219F,221R_219F
279R,278F,279R_278F
281R,279F,281R_279F
189R,190F,189R_190F
318R,320F,318R_320F
254R,260F,254R_260F
260R,261F,260R_261F
72R,74F,72R_74F
168R,169F,168R_169F
73R,74F,73R_74F
75R,80F,75R_80F
59R,60F,59R_60F
29R,28F,29R_28F
33R,32F,33R_32F
47R,46F,47R_46F
79R,80F,79R_80F
75R,71F,75R_71F
93R,92F,93R_92F
165R,164F,165R_164F
60R,58F,60R_58F
79R,71F,79R_71F
176R,180F,176R_180F
80R,71F,80R_71F
204R,201F,204R_201F
223R,225F,223R_225F
257R,266F,257R_266F
77R,78F,77R_78F
263R,255F,263R_255F
262R,265F,262R_265F
178R,173F,178R_173F
199R,206F,199R_206F
256R,265F,256R_265F
176R,173F,176R_173F
204R,206F,204R_206F
281R,282F,281R_282F
180R,173F,180R_173F
201R,206F,201R_206F
26R,27F,26R_27F
162R,163F,162R_163F
255R,259F,255R_259F
296R,300F,296R_300F
173R,171F,173R_171F
169R,166F,169R_166F
206R,196F,206R_196F
313R,312F,313R_312F
121R,117F,121R_117F
92R,90F,92R_90F
304R,298F,304R_298F
279R,284F,279R_284F
21R,22F,21R_22F
26R,29F,26R_29F
45R,47F,45R_47F
162R,165F,162R_165F
280R,284F,280R_284F
296R,305F,296R_305F
301R,302F,301R_302F
243R,241F,243R_241F
175R,171F,175R_171F
203R,196F,203R_196F
218R,217F,218R_217F
198R,203F,198R_203F
220R,218F,220R_218F
260R,264F,260R_264F
280R,278F,280R_278F
265R,266F,265R_266F
264R,258F,264R_258F
265R,256F,265R_256F
175R,176F,175R_176F
203R,204F,203R_204F
218R,223F,218R_223F
259R,258F,259R_258F
254R,265F,254R_265F
256R,262F,256R_262F
71R,76F,71R_76F
257R,262F,257R_262F
42R,43F,42R_43F
175R,179F,175R_179F
203R,200F,203R_200F
218R,222F,218R_222F
202R,198F,202R_198F
227R,220F,227R_220F
257R,254F,257R_254F
278R,283F,278R_283F
176R,172F,176R_172F
204R,197F,204R_197F
223R,219F,223R_219F
134R,133F,134R_133F
144R,143F,144R_143F
295R,294F,295R_294F
173R,178F,173R_178F
169R,168F,169R_168F
206R,199F,206R_199F
205R,198F,205R_198F
224R,220F,224R_220F
282R,281F,282R_281F
304R,299F,304R_299F
171R,180F,171R_180F
196R,201F,196R_201F
217R,225F,217R_225F
259R,263F,259R_263F
73R,79F,73R_79F
265R,254F,265R_254F
302R,300F,302R_300F
55R,56F,55R_56F
175R,174F,175R_174F
203R,202F,203R_202F
218R,227F,218R_227F
60R,59F,60R_59F
167R,170F,167R_170F
259R,260F,259R_260F
91R,93F,91R_93F
302R,305F,302R_305F
73R,70F,73R_70F
201R,198F,201R_198F
225R,220F,225R_220F
179R,171F,179R_171F
200R,196F,200R_196F
193R,192F,193R_192F
222R,217F,222R_217F
300R,303F,300R_303F
321R,322F,321R_322F
74R,72F,74R_72F
4R,2F,4R_2F
70R,72F,70R_72F
258R,261F,258R_261F
179R,176F,179R_176F
200R,204F,200R_204F
222R,223F,222R_223F
319R,318F,319R_318F
171R,177F,171R_177F
196R,205F,196R_205F
217R,224F,217R_224F
76R,78F,76R_78F
235R,236F,235R_236F
261R,263F,261R_263F
255R,266F,255R_266F
114R,113F,114R_113F
266R,254F,266R_254F
3R,1F,3R_1F
171R,172F,171R_172F
196R,197F,196R_197F
217R,219F,217R_219F
262R,257F,262R_257F
256R,257F,256R_257F
155R,160F,155R_160F
161R,162F,161R_162F
284R,282F,284R_282F
155R,157F,155R_157F
263R,265F,263R_265F
265R,264F,265R_264F
118R,119F,118R_119F
284R,280F,284R_280F
178R,171F,178R_171F
120R,117F,120R_117F
142R,141F,142R_141F
176R,171F,176R_171F
199R,196F,199R_196F
204R,196F,204R_196F
221R,217F,221R_217F
223R,217F,223R_217F
309R,310F,309R_310F
303R,301F,303R_301F
257R,256F,257R_256F
90R,92F,90R_92F
58R,60F,58R_60F
298R,304F,298R_304F
27R,28F,27R_28F
74R,80F,74R_80F
163R,164F,163R_164F
70R,80F,70R_80F
2R,1F,2R_1F
263R,262F,263R_262F
294R,295F,294R_295F
179R,174F,179R_174F
200R,202F,200R_202F
222R,227F,222R_227F
322R,321F,322R_321F
261R,258F,261R_258F
264R,266F,264R_266F
303R,293F,303R_293F
266R,256F,266R_256F
254R,257F,254R_257F
72R,76F,72R_76F
147R,148F,147R_148F
75R,77F,75R_77F
22R,21F,22R_21F
29R,26F,29R_26F
47R,45F,47R_45F
79R,77F,79R_77F
80R,77F,80R_77F
165R,162F,165R_162F
254R,255F,254R_255F
255R,254F,255R_254F
269R,270F,269R_270F
297R,298F,297R_298F
299R,298F,299R_298F
178R,179F,178R_179F
199R,200F,199R_200F
221R,222F,221R_222F
281R,283F,281R_283F
88R,91F,88R_91F
293R,302F,293R_302F
308R,310F,308R_310F
299R,297F,299R_297F
173R,177F,173R_177F
206R,205F,206R_205F
297R,304F,297R_304F
77R,80F,77R_80F
299R,304F,299R_304F
178R,174F,178R_174F
199R,202F,199R_202F
221R,227F,221R_227F
117R,118F,117R_118F
100R,99F,100R_99F
298R,297F,298R_297F
264R,254F,264R_254F
298R,295F,298R_295F
261R,260F,261R_260F
259R,261F,259R_261F
93R,91F,93R_91F
305R,302F,305R_302F
75R,74F,75R_74F
90R,88F,90R_88F
79R,74F,79R_74F
93R,89F,93R_89F
80R,74F,80R_74F
91R,89F,91R_89F
136R,135F,136R_135F
264R,256F,264R_256F
77R,72F,77R_72F
237R,236F,237R_236F
262R,259F,262R_259F
178R,176F,178R_176F
199R,204F,199R_204F
221R,223F,221R_223F
256R,259F,256R_259F
173R,180F,173R_180F
206R,201F,206R_201F
176R,179F,176R_179F
204R,200F,204R_200F
223R,222F,223R_222F
243R,244F,243R_244F
301R,300F,301R_300F
310R,309F,310R_309F
312R,313F,312R_313F
294R,297F,294R_297F
92R,91F,92R_91F
265R,260F,265R_260F
172R,178F,172R_178F
197R,199F,197R_199F
203R,198F,203R_198F
218R,220F,218R_220F
219R,221F,219R_221F
254R,259F,254R_259F
266R,264F,266R_264F
278R,280F,278R_280F
259R,264F,259R_264F
279R,281F,279R_281F
79R,75F,79R_75F
10R,9F,10R_9F
13R,12F,13R_12F
17R,16F,17R_16F
80R,75F,80R_75F
73R,78F,73R_78F
99R,100F,99R_100F
74R,73F,74R_73F
174R,175F,174R_175F
183R,182F,183R_182F
190R,188F,190R_188F
202R,203F,202R_203F
227R,218F,227R_218F
257R,263F,257R_263F
302R,296F,302R_296F
176R,174F,176R_174F
204R,202F,204R_202F
223R,227F,223R_227F
163R,161F,163R_161F
160R,156F,160R_156F
173R,172F,173R_172F
206R,197F,206R_197F
282R,279F,282R_279F
300R,293F,300R_293F
320R,318F,320R_318F
90R,91F,90R_91F
28R,26F,28R_26F
34R,36F,34R_36F
46R,45F,46R_45F
164R,162F,164R_162F
241R,243F,241R_243F
304R,294F,304R_294F
265R,263F,265R_263F
177R,180F,177R_180F
205R,201F,205R_201F
224R,225F,224R_225F
311R,309F,311R_309F
71R,79F,71R_79F
77R,73F,77R_73F
257R,258F,257R_258F
180R,175F,180R_175F
201R,203F,201R_203F
225R,218F,225R_218F
119R,121F,119R_121F
4R,1F,4R_1F
263R,257F,263R_257F
298R,294F,298R_294F
27R,26F,27R_26F
74R,77F,74R_77F
163R,162F,163R_162F
70R,77F,70R_77F
71R,70F,71R_70F
244R,243F,244R_243F
200R,198F,200R_198F
222R,220F,222R_220F
283R,280F,283R_280F
113R,116F,113R_116F
171R,179F,171R_179F
196R,200F,196R_200F
217R,222F,217R_222F
76R,72F,76R_72F
70R,73F,70R_73F
119R,117F,119R_117F
78R,72F,78R_72F
89R,93F,89R_93F
301R,305F,301R_305F
263R,259F,263R_259F
269R,268F,269R_268F
166R,168F,166R_168F
261R,255F,261R_255F
34R,35F,34R_35F
74R,75F,74R_75F
92R,89F,92R_89F
171R,178F,171R_178F
70R,75F,70R_75F
196R,199F,196R_199F
198R,199F,198R_199F
217R,221F,217R_221F
220R,221F,220R_221F
280R,281F,280R_281F
324R,325F,324R_325F
170R,169F,170R_169F
266R,263F,266R_263F
264R,263F,264R_263F
171R,174F,171R_174F
196R,202F,196R_202F
217R,227F,217R_227F
72R,79F,72R_79F
262R,266F,262R_266F
256R,266F,256R_266F
29R,27F,29R_27F
165R,163F,165R_163F
255R,258F,255R_258F
284R,278F,284R_278F
305R,300F,305R_300F
257R,260F,257R_260F
270R,268F,270R_268F
120R,119F,120R_119F
58R,59F,58R_59F
321R,323F,321R_323F
300R,302F,300R_302F
117R,120F,117R_120F
141R,142F,141R_142F
76R,80F,76R_80F
78R,80F,78R_80F
76R,71F,76R_71F
169R,167F,169R_167F
78R,71F,78R_71F
254R,266F,254R_266F
170R,166F,170R_166F
334R,333F,334R_333F
166R,169F,166R_169F
266R,258F,266R_258F
255R,263F,255R_263F
258R,265F,258R_265F
75R,76F,75R_76F
114R,116F,114R_116F
310R,311F,310R_311F
161R,163F,161R_163F
262R,254F,262R_254F
167R,166F,167R_166F
256R,254F,256R_254F
293R,300F,293R_300F
255R,260F,255R_260F
173R,179F,173R_179F
206R,200F,206R_200F
282R,283F,282R_283F
121R,120F,121R_120F
160R,155F,160R_155F
77R,74F,77R_74F
148R,147F,148R_147F
191R,192F,191R_192F
260R,255F,260R_255F
172R,180F,172R_180F
197R,201F,197R_201F
219R,225F,219R_225F
198R,201F,198R_201F
220R,225F,220R_225F
254R,262F,254R_262F
189R,188F,189R_188F
266R,260F,266R_260F
297R,294F,297R_294F
264R,260F,264R_260F
299R,294F,299R_294F
265R,261F,265R_261F
72R,70F,72R_70F
35R,34F,35R_34F
167R,168F,167R_168F
199R,198F,199R_198F
204R,198F,204R_198F
221R,220F,221R_220F
223R,220F,223R_220F
281R,280F,281R_280F
315R,316F,315R_316F
268R,269F,268R_269F
262R,264F,262R_264F
298R,299F,298R_299F
256R,264F,256R_264F
79R,76F,79R_76F
173R,176F,173R_176F
206R,204F,206R_204F
80R,76F,80R_76F
77R,75F,77R_75F
296R,301F,296R_301F
258R,255F,258R_255F
172R,177F,172R_177F
197R,205F,197R_205F
219R,224F,219R_224F
198R,205F,198R_205F
220R,224F,220R_224F
320R,319F,320R_319F
260R,257F,260R_257F
162R,161F,162R_161F
319R,320F,319R_320F
28R,27F,28R_27F
164R,163F,164R_163F
296R,293F,296R_293F
116R,113F,116R_113F
157R,156F,157R_156F
198R,197F,198R_197F
220R,219F,220R_219F
280R,279F,280R_279F
36R,34F,36R_34F
73R,72F,73R_72F
257R,261F,257R_261F
260R,259F,260R_259F
262R,256F,262R_256F
167R,169F,167R_169F
76R,73F,76R_73F
78R,73F,78R_73F
173R,174F,173R_174F
206R,202F,206R_202F
188R,189F,188R_189F
74R,71F,74R_71F
263R,254F,263R_254F
76R,75F,76R_75F
70R,71F,70R_71F
258R,257F,258R_257F
156R,160F,156R_160F
172R,173F,172R_173F
197R,206F,197R_206F
157R,160F,157R_160F
198R,206F,198R_206F
279R,282F,279R_282F
171R,173F,171R_173F
196R,206F,196R_206F
280R,282F,280R_282F
301R,296F,301R_296F
301R,303F,301R_303F
177R,171F,177R_171F
205R,196F,205R_196F
224R,217F,224R_217F
265R,255F,265R_255F
278R,284F,278R_284F
302R,301F,302R_301F
56R,55F,56R_55F
73R,80F,73R_80F
257R,264F,257R_264F
